<?xml version="1.0" encoding="UTF-8"?>
<!DOCTYPE mapper PUBLIC "-//mybatis.org//DTD Mapper 3.0//EN" "http://mybatis.org/dtd/mybatis-3-mapper.dtd" >
<mapper namespace="post">
	
	<resultMap type="post" id="postResultMap">
		<id property="postNo" column="POST_NO"/>
		<result property="groupNo" column="GROUP_NO"/>
		<result property="groupNo" column="MEMBER_NO"/>
		<result property="groupNo" column="IS_NOTICE"/>
		<result property="submitDate" column="SUBMIT_DATE"/>
	</resultMap>
	
	<resultMap type="files" id="filesResultMap">
		<id property="accuseNo" column="ACCUSE_NO"/>
		<result property="targetType" column="TARGET_TYPE"/>
		<result property="accuseDate" column="ACCUSE_DATE"/>
	</resultMap>
	
	<resultMap type="postReply" id="postReplyResultMap">
		<id property="replyNo" column="REPLY_NO"/>
		<result property="postNo" column="POST_NO"/>
		<result property="memberNo" column="MEMBER_NO"/>
		<result property="content" column="CONTENT"/>
		<result property="submitDate" column="SUBMIT_DATE"/>
	</resultMap>

	
</mapper>
