<?xml version="1.0" encoding="UTF-8"?>
<beans xmlns="http://www.springframework.org/schema/beans"
   xmlns:xsi="http://www.w3.org/2001/XMLSchema-instance"
   xmlns:aop="http://www.springframework.org/schema/aop"
   xmlns:tx="http://www.springframework.org/schema/tx"
   xmlns:p="http://www.springframework.org/schema/p"
   xsi:schemaLocation="http://www.springframework.org/schema/beans http://www.springframework.org/schema/beans/spring-beans.xsd
      http://www.springframework.org/schema/aop http://www.springframework.org/schema/aop/spring-aop-4.3.xsd
      http://www.springframework.org/schema/tx http://www.springframework.org/schema/tx/spring-tx-4.3.xsd">
	
	<!-- Root Context: defines shared resources visible to all other web components -->
		
	<bean id="realDataSource" class="org.apache.commons.dbcp.BasicDataSource" destroy-method="close">
		<property name="driverClassName" value="oracle.jdbc.driver.OracleDriver"></property>
		<property name="url" value="jdbc:oracle:thin:@localhost:1521:xe"/>
		<property name="username" value="FINALDB"/>
		<property name="password" value="FINALDB"/>
	</bean>
	
	<!--1-1 log4jdbc 설정 적용하기  -->
	<bean id="dataSource" class="net.sf.log4jdbc.Log4jdbcProxyDataSource">
		<constructor-arg ref="realDataSource"/>
		<property name="logFormatter">
			<bean class="net.sf.log4jdbc.tools.Log4JdbcCustomFormatter">
				<property name="loggingType" value="MULTI_LINE"/>
				<property name="sqlPrefix" value="[SQL]"/>
			</bean>
		</property>
	</bean>
	
	<!-- 2. myBatis(JDBC)설정 : SqlSessionFactory-->
	<bean id="sqlSessionFactoryBean" class="org.mybatis.spring.SqlSessionFactoryBean">
		
		<property name="dataSource" ref="dataSource"/>
		
		
		<property name="mapperLocations" value="classpath*:mapper/**/*.xml"/>
		
		
		<property name="configLocation" value="classpath:mybatis-config.xml"/>
	</bean>
	
	
	<bean id="sqlSessionTemplate" class="org.mybatis.spring.SqlSessionTemplate">
		<constructor-arg index="0" ref="sqlSessionFactoryBean"/>
	</bean>
	
	<!-- <tx:advice id="txAdvice" transaction-manager="transactionManager">
		<tx:attributes>
			<tx:method name="select*" rollback-for="Exception" read-only="true"/>
			<tx:method name="checkId*" rollback-for="Exception" read-only="true"/>
			<tx:method name="insert*" rollback-for="Exception"/>
			<tx:method name="update*" rollback-for="Exception"/>
			<tx:method name="delete*" rollback-for="Exception"/>
		</tx:attributes>
	</tx:advice>
	
	
	tx aop (메소드 단위) 등록하기 
	<aop:config proxy-target-class="true">
		<aop:pointcut  expression="execution(* com.kh.spring..*ServiceImpl.*(..))" id="serviceMethod"/>
		<aop:advisor advice-ref="txAdvice"  pointcut-ref="serviceMethod"/>
		
	</aop:config> -->

</beans>
